Times,Fold,T,Name Method,Name Function,SP,SE,Gmean,F1 Score,Accuracy,AUC,Confusion Matrix
1,1,0.0256,W-SVM,baseline,0.8222,0.3529,0.5387,0.3871,0.6935,0.5876,"[[37, 8], [11, 6]]"
1,1,0.0432,SMOTE+W-SVM,borderline_smote,0.7556,0.4706,0.5963,0.4444,0.6774,0.6131,"[[34, 11], [9, 8]]"
1,1,0.0295,AFW-CIL_fixed,fixed_sigma_1.2,0.8222,0.3529,0.5387,0.3871,0.6935,0.5876,"[[37, 8], [11, 6]]"
1,1,0.0265,PSO-AFW-CIL,"K=5,s1=0.474,s2=0.026,s3=0.222,s4=0.447",0.7556,0.5294,0.6325,0.4865,0.6935,0.6425,"[[34, 11], [8, 9]]"
1,1,0.0265,SMOTE+AFW-CIL_fixed,fixed_sigma_1.2,0.7111,0.5294,0.6136,0.4615,0.6613,0.6203,"[[32, 13], [8, 9]]"
1,1,0.0688,SMOTE+PSO-AFW-CIL,"K=6,s1=0.437,s2=0.528,s3=0.057,s4=0.489",0.7556,0.4706,0.5963,0.4444,0.6774,0.6131,"[[34, 11], [9, 8]]"
1,2,0.018,W-SVM,baseline,1.0,0.0,0.0,0.0,0.7377,0.5,"[[45, 0], [16, 0]]"
1,2,0.0412,SMOTE+W-SVM,borderline_smote,0.8222,0.4375,0.5998,0.4516,0.7213,0.6299,"[[37, 8], [9, 7]]"
1,2,0.0336,AFW-CIL_fixed,fixed_sigma_1.2,0.8667,0.4375,0.6158,0.4828,0.7541,0.6521,"[[39, 6], [9, 7]]"
1,2,0.0233,PSO-AFW-CIL,"K=11,s1=0.260,s2=0.084,s3=0.149,s4=0.172",0.6667,0.75,0.7071,0.5581,0.6885,0.7083,"[[30, 15], [4, 12]]"
1,2,0.0268,SMOTE+AFW-CIL_fixed,fixed_sigma_1.2,0.6667,0.625,0.6455,0.4878,0.6557,0.6458,"[[30, 15], [6, 10]]"
1,2,0.0307,SMOTE+PSO-AFW-CIL,"K=9,s1=0.304,s2=0.233,s3=0.129,s4=0.361",0.7333,0.6875,0.71,0.5641,0.7213,0.7104,"[[33, 12], [5, 11]]"
1,3,0.0175,W-SVM,baseline,0.9333,0.25,0.483,0.3478,0.7541,0.5917,"[[42, 3], [12, 4]]"
1,3,0.0328,SMOTE+W-SVM,borderline_smote,0.8,0.375,0.5477,0.3871,0.6885,0.5875,"[[36, 9], [10, 6]]"
1,3,0.0161,AFW-CIL_fixed,fixed_sigma_1.2,0.8667,0.25,0.4655,0.3077,0.7049,0.5583,"[[39, 6], [12, 4]]"
1,3,0.0153,PSO-AFW-CIL,"K=10,s1=0.461,s2=0.010,s3=0.098,s4=0.356",0.6889,0.5,0.5869,0.4211,0.6393,0.5944,"[[31, 14], [8, 8]]"
1,3,0.0303,SMOTE+AFW-CIL_fixed,fixed_sigma_1.2,0.8,0.375,0.5477,0.3871,0.6885,0.5875,"[[36, 9], [10, 6]]"
1,3,0.0415,SMOTE+PSO-AFW-CIL,"K=9,s1=0.402,s2=0.010,s3=0.029,s4=0.979",0.5333,0.6875,0.6055,0.4583,0.5738,0.6104,"[[24, 21], [5, 11]]"
1,4,0.0131,W-SVM,baseline,1.0,0.0,0.0,0.0,0.7377,0.5,"[[45, 0], [16, 0]]"
1,4,0.0267,SMOTE+W-SVM,borderline_smote,0.6444,0.9375,0.7773,0.6383,0.7213,0.791,"[[29, 16], [1, 15]]"
1,4,0.0149,AFW-CIL_fixed,fixed_sigma_1.2,0.8444,0.6875,0.7619,0.6471,0.8033,0.766,"[[38, 7], [5, 11]]"
1,4,0.0157,PSO-AFW-CIL,"K=9,s1=0.150,s2=0.066,s3=0.014,s4=0.671",0.7111,0.9375,0.8165,0.6818,0.7705,0.8243,"[[32, 13], [1, 15]]"
1,4,0.0264,SMOTE+AFW-CIL_fixed,fixed_sigma_1.2,0.4889,0.875,0.654,0.5283,0.5902,0.6819,"[[22, 23], [2, 14]]"
1,4,0.037,SMOTE+PSO-AFW-CIL,"K=3,s1=0.500,s2=0.218,s3=0.037,s4=0.099",0.6,1.0,0.7746,0.64,0.7049,0.8,"[[27, 18], [0, 16]]"
1,5,0.0194,W-SVM,baseline,0.8889,0.25,0.4714,0.32,0.7213,0.5694,"[[40, 5], [12, 4]]"
1,5,0.0297,SMOTE+W-SVM,borderline_smote,0.7778,0.5,0.6236,0.4706,0.7049,0.6389,"[[35, 10], [8, 8]]"
1,5,0.0139,AFW-CIL_fixed,fixed_sigma_1.2,0.9111,0.3125,0.5336,0.4,0.7541,0.6118,"[[41, 4], [11, 5]]"
1,5,0.0224,PSO-AFW-CIL,"K=9,s1=0.433,s2=0.010,s3=0.300,s4=0.191",0.5778,0.6875,0.6303,0.4783,0.6066,0.6326,"[[26, 19], [5, 11]]"
1,5,0.0276,SMOTE+AFW-CIL_fixed,fixed_sigma_1.2,0.6667,0.5,0.5774,0.4103,0.623,0.5833,"[[30, 15], [8, 8]]"
1,5,0.0339,SMOTE+PSO-AFW-CIL,"K=4,s1=0.022,s2=0.237,s3=0.470,s4=0.797",0.7333,0.5,0.6055,0.4444,0.6721,0.6167,"[[33, 12], [8, 8]]"
2,1,0.0168,W-SVM,baseline,0.8444,0.2353,0.4457,0.2857,0.6774,0.5399,"[[38, 7], [13, 4]]"
2,1,0.0216,SMOTE+W-SVM,borderline_smote,0.8,0.3529,0.5314,0.375,0.6774,0.5765,"[[36, 9], [11, 6]]"
2,1,0.0158,AFW-CIL_fixed,fixed_sigma_1.2,0.8222,0.3529,0.5387,0.3871,0.6935,0.5876,"[[37, 8], [11, 6]]"
2,1,0.0112,PSO-AFW-CIL,"K=11,s1=0.196,s2=0.816,s3=0.312,s4=0.909",1.0,0.0,0.0,0.0,0.7258,0.5,"[[45, 0], [17, 0]]"
2,1,0.0289,SMOTE+AFW-CIL_fixed,fixed_sigma_1.2,0.6444,0.5294,0.5841,0.4286,0.6129,0.5869,"[[29, 16], [8, 9]]"
2,1,0.0308,SMOTE+PSO-AFW-CIL,"K=5,s1=0.191,s2=0.444,s3=0.110,s4=0.811",0.7778,0.4118,0.5659,0.4118,0.6774,0.5948,"[[35, 10], [10, 7]]"
2,2,0.0165,W-SVM,baseline,1.0,0.0,0.0,0.0,0.7377,0.5,"[[45, 0], [16, 0]]"
2,2,0.0244,SMOTE+W-SVM,borderline_smote,0.7778,0.75,0.7638,0.6316,0.7705,0.7639,"[[35, 10], [4, 12]]"
2,2,0.015,AFW-CIL_fixed,fixed_sigma_1.2,0.8667,0.5,0.6583,0.5333,0.7705,0.6833,"[[39, 6], [8, 8]]"
2,2,0.0203,PSO-AFW-CIL,"K=6,s1=0.238,s2=0.176,s3=0.019,s4=0.645",0.8222,0.6875,0.7518,0.6286,0.7869,0.7549,"[[37, 8], [5, 11]]"
2,2,0.0224,SMOTE+AFW-CIL_fixed,fixed_sigma_1.2,0.5778,0.625,0.6009,0.4444,0.5902,0.6014,"[[26, 19], [6, 10]]"
2,2,0.0231,SMOTE+PSO-AFW-CIL,"K=8,s1=0.500,s2=0.990,s3=0.102,s4=0.500",0.5778,0.625,0.6009,0.4444,0.5902,0.6014,"[[26, 19], [6, 10]]"
2,3,0.0158,W-SVM,baseline,1.0,0.0,0.0,0.0,0.7377,0.5,"[[45, 0], [16, 0]]"
2,3,0.0251,SMOTE+W-SVM,borderline_smote,0.8667,0.5,0.6583,0.5333,0.7705,0.6833,"[[39, 6], [8, 8]]"
2,3,0.0153,AFW-CIL_fixed,fixed_sigma_1.2,0.8889,0.5,0.6667,0.5517,0.7869,0.6944,"[[40, 5], [8, 8]]"
2,3,0.018,PSO-AFW-CIL,"K=9,s1=0.028,s2=0.010,s3=0.172,s4=0.964",0.7333,0.6875,0.71,0.5641,0.7213,0.7104,"[[33, 12], [5, 11]]"
2,3,0.0261,SMOTE+AFW-CIL_fixed,fixed_sigma_1.2,0.7333,0.6875,0.71,0.5641,0.7213,0.7104,"[[33, 12], [5, 11]]"
2,3,0.0275,SMOTE+PSO-AFW-CIL,"K=8,s1=0.318,s2=0.679,s3=0.461,s4=0.742",0.7778,0.75,0.7638,0.6316,0.7705,0.7639,"[[35, 10], [4, 12]]"
2,4,0.0246,W-SVM,baseline,0.8444,0.3125,0.5137,0.3571,0.7049,0.5785,"[[38, 7], [11, 5]]"
2,4,0.0233,SMOTE+W-SVM,borderline_smote,0.5556,0.625,0.5893,0.4348,0.5738,0.5903,"[[25, 20], [6, 10]]"
2,4,0.0152,AFW-CIL_fixed,fixed_sigma_1.2,0.8222,0.3125,0.5069,0.3448,0.6885,0.5674,"[[37, 8], [11, 5]]"
2,4,0.0156,PSO-AFW-CIL,"K=6,s1=0.414,s2=0.101,s3=0.092,s4=0.531",0.5556,0.75,0.6455,0.5,0.6066,0.6528,"[[25, 20], [4, 12]]"
2,4,0.0258,SMOTE+AFW-CIL_fixed,fixed_sigma_1.2,0.5333,0.5,0.5164,0.3556,0.5246,0.5167,"[[24, 21], [8, 8]]"
2,4,0.0345,SMOTE+PSO-AFW-CIL,"K=9,s1=0.500,s2=0.173,s3=0.216,s4=0.990",0.5778,0.8125,0.6852,0.5417,0.6393,0.6951,"[[26, 19], [3, 13]]"
2,5,0.0175,W-SVM,baseline,0.9111,0.3125,0.5336,0.4,0.7541,0.6118,"[[41, 4], [11, 5]]"
2,5,0.0209,SMOTE+W-SVM,borderline_smote,0.7111,0.625,0.6667,0.5128,0.6885,0.6681,"[[32, 13], [6, 10]]"
2,5,0.0185,AFW-CIL_fixed,fixed_sigma_1.2,0.8222,0.375,0.5553,0.4,0.7049,0.5986,"[[37, 8], [10, 6]]"
2,5,0.0162,PSO-AFW-CIL,"K=8,s1=0.349,s2=0.638,s3=0.048,s4=0.911",0.8,0.5,0.6325,0.4848,0.7213,0.65,"[[36, 9], [8, 8]]"
2,5,0.0282,SMOTE+AFW-CIL_fixed,fixed_sigma_1.2,0.6889,0.5625,0.6225,0.4615,0.6557,0.6257,"[[31, 14], [7, 9]]"
2,5,0.0332,SMOTE+PSO-AFW-CIL,"K=6,s1=0.421,s2=0.581,s3=0.425,s4=0.430",0.7111,0.625,0.6667,0.5128,0.6885,0.6681,"[[32, 13], [6, 10]]"
3,1,0.0197,W-SVM,baseline,1.0,0.0,0.0,0.0,0.7258,0.5,"[[45, 0], [17, 0]]"
3,1,0.0254,SMOTE+W-SVM,borderline_smote,0.7778,0.6471,0.7094,0.5789,0.7419,0.7124,"[[35, 10], [6, 11]]"
3,1,0.0195,AFW-CIL_fixed,fixed_sigma_1.2,0.8222,0.4706,0.622,0.4848,0.7258,0.6464,"[[37, 8], [9, 8]]"
3,1,0.0156,PSO-AFW-CIL,"K=8,s1=0.497,s2=0.230,s3=0.366,s4=0.934",1.0,0.0,0.0,0.0,0.7258,0.5,"[[45, 0], [17, 0]]"
3,1,0.0267,SMOTE+AFW-CIL_fixed,fixed_sigma_1.2,0.7778,0.6471,0.7094,0.5789,0.7419,0.7124,"[[35, 10], [6, 11]]"
3,1,0.0313,SMOTE+PSO-AFW-CIL,"K=7,s1=0.154,s2=0.010,s3=0.443,s4=0.145",0.5333,0.7647,0.6386,0.5098,0.5968,0.649,"[[24, 21], [4, 13]]"
3,2,0.0208,W-SVM,baseline,0.8222,0.3125,0.5069,0.3448,0.6885,0.5674,"[[37, 8], [11, 5]]"
3,2,0.0228,SMOTE+W-SVM,borderline_smote,0.5778,0.6875,0.6303,0.4783,0.6066,0.6326,"[[26, 19], [5, 11]]"
3,2,0.0164,AFW-CIL_fixed,fixed_sigma_1.2,0.7778,0.4375,0.5833,0.4242,0.6885,0.6076,"[[35, 10], [9, 7]]"
3,2,0.0173,PSO-AFW-CIL,"K=5,s1=0.500,s2=0.110,s3=0.289,s4=0.391",0.6444,0.6875,0.6656,0.5116,0.6557,0.666,"[[29, 16], [5, 11]]"
3,2,0.0294,SMOTE+AFW-CIL_fixed,fixed_sigma_1.2,0.4667,0.625,0.5401,0.4,0.5082,0.5458,"[[21, 24], [6, 10]]"
3,2,0.028,SMOTE+PSO-AFW-CIL,"K=6,s1=0.314,s2=0.088,s3=0.176,s4=0.129",0.5778,0.6875,0.6303,0.4783,0.6066,0.6326,"[[26, 19], [5, 11]]"
3,3,0.0137,W-SVM,baseline,1.0,0.0,0.0,0.0,0.7377,0.5,"[[45, 0], [16, 0]]"
3,3,0.0359,SMOTE+W-SVM,borderline_smote,0.8889,0.5625,0.7071,0.6,0.8033,0.7257,"[[40, 5], [7, 9]]"
3,3,0.0148,AFW-CIL_fixed,fixed_sigma_1.2,0.8889,0.625,0.7454,0.6452,0.8197,0.7569,"[[40, 5], [6, 10]]"
3,3,0.013,PSO-AFW-CIL,"K=11,s1=0.350,s2=0.656,s3=0.237,s4=0.010",0.8667,0.625,0.736,0.625,0.8033,0.7458,"[[39, 6], [6, 10]]"
3,3,0.0294,SMOTE+AFW-CIL_fixed,fixed_sigma_1.2,0.7778,0.75,0.7638,0.6316,0.7705,0.7639,"[[35, 10], [4, 12]]"
3,3,0.037,SMOTE+PSO-AFW-CIL,"K=8,s1=0.017,s2=0.458,s3=0.407,s4=0.192",0.8889,0.5625,0.7071,0.6,0.8033,0.7257,"[[40, 5], [7, 9]]"
3,4,0.0178,W-SVM,baseline,0.9111,0.25,0.4773,0.3333,0.7377,0.5806,"[[41, 4], [12, 4]]"
3,4,0.026,SMOTE+W-SVM,borderline_smote,0.8667,0.4375,0.6158,0.4828,0.7541,0.6521,"[[39, 6], [9, 7]]"
3,4,0.0135,AFW-CIL_fixed,fixed_sigma_1.2,0.9111,0.25,0.4773,0.3333,0.7377,0.5806,"[[41, 4], [12, 4]]"
3,4,0.0134,PSO-AFW-CIL,"K=6,s1=0.403,s2=0.010,s3=0.258,s4=0.459",0.5556,0.6875,0.618,0.4681,0.5902,0.6215,"[[25, 20], [5, 11]]"
3,4,0.0284,SMOTE+AFW-CIL_fixed,fixed_sigma_1.2,0.7778,0.5,0.6236,0.4706,0.7049,0.6389,"[[35, 10], [8, 8]]"
3,4,0.035,SMOTE+PSO-AFW-CIL,"K=3,s1=0.120,s2=0.038,s3=0.352,s4=0.628",0.5556,0.6875,0.618,0.4681,0.5902,0.6215,"[[25, 20], [5, 11]]"
3,5,0.0164,W-SVM,baseline,0.8889,0.3125,0.527,0.3846,0.7377,0.6007,"[[40, 5], [11, 5]]"
3,5,0.0227,SMOTE+W-SVM,borderline_smote,0.8,0.375,0.5477,0.3871,0.6885,0.5875,"[[36, 9], [10, 6]]"
3,5,0.0128,AFW-CIL_fixed,fixed_sigma_1.2,0.8444,0.3125,0.5137,0.3571,0.7049,0.5785,"[[38, 7], [11, 5]]"
3,5,0.0163,PSO-AFW-CIL,"K=5,s1=0.283,s2=0.018,s3=0.500,s4=0.175",0.7333,0.5,0.6055,0.4444,0.6721,0.6167,"[[33, 12], [8, 8]]"
3,5,0.0244,SMOTE+AFW-CIL_fixed,fixed_sigma_1.2,0.8,0.375,0.5477,0.3871,0.6885,0.5875,"[[36, 9], [10, 6]]"
3,5,0.033,SMOTE+PSO-AFW-CIL,"K=11,s1=0.500,s2=0.010,s3=0.500,s4=0.010",0.5778,0.8125,0.6852,0.5417,0.6393,0.6951,"[[26, 19], [3, 13]]"
4,1,0.0134,W-SVM,baseline,1.0,0.0,0.0,0.0,0.7258,0.5,"[[45, 0], [17, 0]]"
4,1,0.0247,SMOTE+W-SVM,borderline_smote,0.7778,0.4118,0.5659,0.4118,0.6774,0.5948,"[[35, 10], [10, 7]]"
4,1,0.0169,AFW-CIL_fixed,fixed_sigma_1.2,0.9556,0.2353,0.4742,0.3478,0.7581,0.5954,"[[43, 2], [13, 4]]"
4,1,0.0178,PSO-AFW-CIL,"K=11,s1=0.500,s2=0.010,s3=0.165,s4=0.010",0.7556,0.6471,0.6992,0.5641,0.7258,0.7013,"[[34, 11], [6, 11]]"
4,1,0.0266,SMOTE+AFW-CIL_fixed,fixed_sigma_1.2,0.6889,0.4118,0.5326,0.3684,0.6129,0.5503,"[[31, 14], [10, 7]]"
4,1,0.0338,SMOTE+PSO-AFW-CIL,"K=9,s1=0.283,s2=0.070,s3=0.426,s4=0.049",0.8889,0.5294,0.686,0.5806,0.7903,0.7092,"[[40, 5], [8, 9]]"
4,2,0.0327,W-SVM,baseline,0.8222,0.4375,0.5998,0.4516,0.7213,0.6299,"[[37, 8], [9, 7]]"
4,2,0.0227,SMOTE+W-SVM,borderline_smote,0.7333,0.6875,0.71,0.5641,0.7213,0.7104,"[[33, 12], [5, 11]]"
4,2,0.0161,AFW-CIL_fixed,fixed_sigma_1.2,0.8222,0.5,0.6412,0.5,0.7377,0.6611,"[[37, 8], [8, 8]]"
4,2,0.0148,PSO-AFW-CIL,"K=6,s1=0.187,s2=0.805,s3=0.493,s4=0.849",0.7778,0.5625,0.6614,0.5143,0.7213,0.6701,"[[35, 10], [7, 9]]"
4,2,0.0231,SMOTE+AFW-CIL_fixed,fixed_sigma_1.2,0.6889,0.6875,0.6882,0.5366,0.6885,0.6882,"[[31, 14], [5, 11]]"
4,2,0.0304,SMOTE+PSO-AFW-CIL,"K=4,s1=0.465,s2=0.067,s3=0.388,s4=0.163",0.7333,0.625,0.677,0.5263,0.7049,0.6792,"[[33, 12], [6, 10]]"
4,3,0.0132,W-SVM,baseline,1.0,0.0,0.0,0.0,0.7377,0.5,"[[45, 0], [16, 0]]"
4,3,0.0335,SMOTE+W-SVM,borderline_smote,0.7778,0.5625,0.6614,0.5143,0.7213,0.6701,"[[35, 10], [7, 9]]"
4,3,0.0168,AFW-CIL_fixed,fixed_sigma_1.2,0.8889,0.5,0.6667,0.5517,0.7869,0.6944,"[[40, 5], [8, 8]]"
4,3,0.0192,PSO-AFW-CIL,"K=11,s1=0.278,s2=0.340,s3=0.245,s4=0.413",0.8,0.5625,0.6708,0.5294,0.7377,0.6813,"[[36, 9], [7, 9]]"
4,3,0.0365,SMOTE+AFW-CIL_fixed,fixed_sigma_1.2,0.6667,0.5625,0.6124,0.45,0.6393,0.6146,"[[30, 15], [7, 9]]"
4,3,0.0339,SMOTE+PSO-AFW-CIL,"K=5,s1=0.045,s2=0.224,s3=0.116,s4=0.778",0.7778,0.5625,0.6614,0.5143,0.7213,0.6701,"[[35, 10], [7, 9]]"
4,4,0.0168,W-SVM,baseline,0.9333,0.3125,0.5401,0.4167,0.7705,0.6229,"[[42, 3], [11, 5]]"
4,4,0.0231,SMOTE+W-SVM,borderline_smote,0.7556,0.4375,0.5749,0.4118,0.6721,0.5965,"[[34, 11], [9, 7]]"
4,4,0.014,AFW-CIL_fixed,fixed_sigma_1.2,0.8889,0.3125,0.527,0.3846,0.7377,0.6007,"[[40, 5], [11, 5]]"
4,4,0.0144,PSO-AFW-CIL,"K=8,s1=0.382,s2=0.393,s3=0.182,s4=0.530",0.7556,0.4375,0.5749,0.4118,0.6721,0.5965,"[[34, 11], [9, 7]]"
4,4,0.0253,SMOTE+AFW-CIL_fixed,fixed_sigma_1.2,0.7556,0.4375,0.5749,0.4118,0.6721,0.5965,"[[34, 11], [9, 7]]"
4,4,0.0395,SMOTE+PSO-AFW-CIL,"K=6,s1=0.043,s2=0.376,s3=0.369,s4=0.763",0.7111,0.5625,0.6325,0.4737,0.6721,0.6368,"[[32, 13], [7, 9]]"
4,5,0.0183,W-SVM,baseline,0.7778,0.3125,0.493,0.3226,0.6557,0.5451,"[[35, 10], [11, 5]]"
4,5,0.0248,SMOTE+W-SVM,borderline_smote,0.6889,0.625,0.6562,0.5,0.6721,0.6569,"[[31, 14], [6, 10]]"
4,5,0.0347,AFW-CIL_fixed,fixed_sigma_1.2,0.7778,0.5,0.6236,0.4706,0.7049,0.6389,"[[35, 10], [8, 8]]"
4,5,0.0133,PSO-AFW-CIL,"K=8,s1=0.236,s2=0.023,s3=0.367,s4=0.554",1.0,0.0,0.0,0.0,0.7377,0.5,"[[45, 0], [16, 0]]"
4,5,0.0283,SMOTE+AFW-CIL_fixed,fixed_sigma_1.2,0.6444,0.6875,0.6656,0.5116,0.6557,0.666,"[[29, 16], [5, 11]]"
4,5,0.0334,SMOTE+PSO-AFW-CIL,"K=9,s1=0.035,s2=0.532,s3=0.328,s4=0.293",0.6667,0.6875,0.677,0.5238,0.6721,0.6771,"[[30, 15], [5, 11]]"
5,1,0.0153,W-SVM,baseline,1.0,0.0,0.0,0.0,0.7258,0.5,"[[45, 0], [17, 0]]"
5,1,0.0237,SMOTE+W-SVM,borderline_smote,0.7778,0.5882,0.6764,0.5405,0.7258,0.683,"[[35, 10], [7, 10]]"
5,1,0.0148,AFW-CIL_fixed,fixed_sigma_1.2,0.9333,0.5294,0.7029,0.6207,0.8226,0.7314,"[[42, 3], [8, 9]]"
5,1,0.0142,PSO-AFW-CIL,"K=7,s1=0.436,s2=0.318,s3=0.232,s4=0.262",0.8444,0.5882,0.7048,0.5882,0.7742,0.7163,"[[38, 7], [7, 10]]"
5,1,0.0243,SMOTE+AFW-CIL_fixed,fixed_sigma_1.2,0.6444,0.6471,0.6458,0.5,0.6452,0.6458,"[[29, 16], [6, 11]]"
5,1,0.0338,SMOTE+PSO-AFW-CIL,"K=11,s1=0.356,s2=0.322,s3=0.344,s4=0.010",0.7778,0.6471,0.7094,0.5789,0.7419,0.7124,"[[35, 10], [6, 11]]"
5,2,0.0161,W-SVM,baseline,0.8889,0.125,0.3333,0.1739,0.6885,0.5069,"[[40, 5], [14, 2]]"
5,2,0.027,SMOTE+W-SVM,borderline_smote,0.6667,0.125,0.2887,0.1212,0.5246,0.3958,"[[30, 15], [14, 2]]"
5,2,0.0141,AFW-CIL_fixed,fixed_sigma_1.2,0.8667,0.125,0.3291,0.1667,0.6721,0.4958,"[[39, 6], [14, 2]]"
5,2,0.0147,PSO-AFW-CIL,"K=11,s1=0.010,s2=0.010,s3=0.156,s4=0.905",0.7333,0.375,0.5244,0.3529,0.6393,0.5542,"[[33, 12], [10, 6]]"
5,2,0.0259,SMOTE+AFW-CIL_fixed,fixed_sigma_1.2,0.6889,0.125,0.2934,0.125,0.541,0.4069,"[[31, 14], [14, 2]]"
5,2,0.0462,SMOTE+PSO-AFW-CIL,"K=8,s1=0.225,s2=0.010,s3=0.413,s4=0.990",0.4,0.625,0.5,0.3774,0.459,0.5125,"[[18, 27], [6, 10]]"
5,3,0.0221,W-SVM,baseline,0.9556,0.25,0.4888,0.3636,0.7705,0.6028,"[[43, 2], [12, 4]]"
5,3,0.0243,SMOTE+W-SVM,borderline_smote,0.8222,0.375,0.5553,0.4,0.7049,0.5986,"[[37, 8], [10, 6]]"
5,3,0.0154,AFW-CIL_fixed,fixed_sigma_1.2,0.8889,0.25,0.4714,0.32,0.7213,0.5694,"[[40, 5], [12, 4]]"
5,3,0.0145,PSO-AFW-CIL,"K=6,s1=0.113,s2=0.117,s3=0.129,s4=0.617",0.6889,0.5625,0.6225,0.4615,0.6557,0.6257,"[[31, 14], [7, 9]]"
5,3,0.0242,SMOTE+AFW-CIL_fixed,fixed_sigma_1.2,0.8222,0.375,0.5553,0.4,0.7049,0.5986,"[[37, 8], [10, 6]]"
5,3,0.0344,SMOTE+PSO-AFW-CIL,"K=4,s1=0.369,s2=0.167,s3=0.302,s4=0.333",0.8,0.5625,0.6708,0.5294,0.7377,0.6813,"[[36, 9], [7, 9]]"
5,4,0.0167,W-SVM,baseline,0.8444,0.375,0.5627,0.4138,0.7213,0.6097,"[[38, 7], [10, 6]]"
5,4,0.0244,SMOTE+W-SVM,borderline_smote,0.7556,0.5625,0.6519,0.5,0.7049,0.659,"[[34, 11], [7, 9]]"
5,4,0.0112,AFW-CIL_fixed,fixed_sigma_1.2,0.8444,0.4375,0.6078,0.4667,0.7377,0.641,"[[38, 7], [9, 7]]"
5,4,0.0961,PSO-AFW-CIL,"K=9,s1=0.308,s2=0.659,s3=0.177,s4=0.200",0.7556,0.5625,0.6519,0.5,0.7049,0.659,"[[34, 11], [7, 9]]"
5,4,0.0503,SMOTE+AFW-CIL_fixed,fixed_sigma_1.2,0.6444,0.5625,0.6021,0.439,0.623,0.6035,"[[29, 16], [7, 9]]"
5,4,0.028,SMOTE+PSO-AFW-CIL,"K=4,s1=0.255,s2=0.061,s3=0.220,s4=0.542",0.7778,0.625,0.6972,0.5556,0.7377,0.7014,"[[35, 10], [6, 10]]"
5,5,0.0146,W-SVM,baseline,1.0,0.0,0.0,0.0,0.7377,0.5,"[[45, 0], [16, 0]]"
5,5,0.0227,SMOTE+W-SVM,borderline_smote,0.4444,0.75,0.5774,0.4528,0.5246,0.5972,"[[20, 25], [4, 12]]"
5,5,0.019,AFW-CIL_fixed,fixed_sigma_1.2,0.8222,0.5625,0.6801,0.5455,0.7541,0.6924,"[[37, 8], [7, 9]]"
5,5,0.0142,PSO-AFW-CIL,"K=4,s1=0.288,s2=0.010,s3=0.110,s4=0.466",0.7111,0.8125,0.7601,0.619,0.7377,0.7618,"[[32, 13], [3, 13]]"
5,5,0.0236,SMOTE+AFW-CIL_fixed,fixed_sigma_1.2,0.4,0.8125,0.5701,0.4643,0.5082,0.6063,"[[18, 27], [3, 13]]"
5,5,0.0381,SMOTE+PSO-AFW-CIL,"K=7,s1=0.402,s2=0.125,s3=0.048,s4=0.961",0.4667,0.75,0.5916,0.4615,0.541,0.6083,"[[21, 24], [4, 12]]"
6,1,0.0115,W-SVM,baseline,1.0,0.0,0.0,0.0,0.7258,0.5,"[[45, 0], [17, 0]]"
6,1,0.0261,SMOTE+W-SVM,borderline_smote,0.8222,0.5882,0.6955,0.5714,0.7581,0.7052,"[[37, 8], [7, 10]]"
6,1,0.0141,AFW-CIL_fixed,fixed_sigma_1.2,0.9111,0.5294,0.6945,0.6,0.8065,0.7203,"[[41, 4], [8, 9]]"
6,1,0.0148,PSO-AFW-CIL,"K=5,s1=0.321,s2=0.698,s3=0.415,s4=0.063",0.8667,0.5882,0.714,0.6061,0.7903,0.7275,"[[39, 6], [7, 10]]"
6,1,0.0273,SMOTE+AFW-CIL_fixed,fixed_sigma_1.2,0.8667,0.5882,0.714,0.6061,0.7903,0.7275,"[[39, 6], [7, 10]]"
6,1,0.0237,SMOTE+PSO-AFW-CIL,"K=10,s1=0.500,s2=0.843,s3=0.500,s4=0.548",0.8889,0.5882,0.7231,0.625,0.8065,0.7386,"[[40, 5], [7, 10]]"
6,2,0.021,W-SVM,baseline,0.8444,0.25,0.4595,0.2963,0.6885,0.5472,"[[38, 7], [12, 4]]"
6,2,0.0247,SMOTE+W-SVM,borderline_smote,0.8222,0.375,0.5553,0.4,0.7049,0.5986,"[[37, 8], [10, 6]]"
6,2,0.0143,AFW-CIL_fixed,fixed_sigma_1.2,0.8444,0.375,0.5627,0.4138,0.7213,0.6097,"[[38, 7], [10, 6]]"
6,2,0.0175,PSO-AFW-CIL,"K=9,s1=0.372,s2=0.612,s3=0.289,s4=0.284",0.8222,0.4375,0.5998,0.4516,0.7213,0.6299,"[[37, 8], [9, 7]]"
6,2,0.0287,SMOTE+AFW-CIL_fixed,fixed_sigma_1.2,0.8222,0.4375,0.5998,0.4516,0.7213,0.6299,"[[37, 8], [9, 7]]"
6,2,0.03,SMOTE+PSO-AFW-CIL,"K=10,s1=0.188,s2=0.687,s3=0.174,s4=0.692",0.8222,0.4375,0.5998,0.4516,0.7213,0.6299,"[[37, 8], [9, 7]]"
6,3,0.011,W-SVM,baseline,1.0,0.0,0.0,0.0,0.7377,0.5,"[[45, 0], [16, 0]]"
6,3,0.0222,SMOTE+W-SVM,borderline_smote,0.7778,0.6875,0.7312,0.5946,0.7541,0.7326,"[[35, 10], [5, 11]]"
6,3,0.0136,AFW-CIL_fixed,fixed_sigma_1.2,0.8889,0.4375,0.6236,0.5,0.7705,0.6632,"[[40, 5], [9, 7]]"
6,3,0.0166,PSO-AFW-CIL,"K=5,s1=0.257,s2=0.102,s3=0.405,s4=0.472",0.6222,0.8125,0.711,0.5652,0.6721,0.7174,"[[28, 17], [3, 13]]"
6,3,0.0325,SMOTE+AFW-CIL_fixed,fixed_sigma_1.2,0.7778,0.6875,0.7312,0.5946,0.7541,0.7326,"[[35, 10], [5, 11]]"
6,3,0.0391,SMOTE+PSO-AFW-CIL,"K=7,s1=0.435,s2=0.086,s3=0.293,s4=0.448",0.7333,0.75,0.7416,0.6,0.7377,0.7417,"[[33, 12], [4, 12]]"
6,4,0.0181,W-SVM,baseline,0.9111,0.25,0.4773,0.3333,0.7377,0.5806,"[[41, 4], [12, 4]]"
6,4,0.0241,SMOTE+W-SVM,borderline_smote,0.7778,0.375,0.5401,0.375,0.6721,0.5764,"[[35, 10], [10, 6]]"
6,4,0.0154,AFW-CIL_fixed,fixed_sigma_1.2,0.8444,0.3125,0.5137,0.3571,0.7049,0.5785,"[[38, 7], [11, 5]]"
6,4,0.0201,PSO-AFW-CIL,"K=7,s1=0.479,s2=0.056,s3=0.136,s4=0.770",0.6667,0.625,0.6455,0.4878,0.6557,0.6458,"[[30, 15], [6, 10]]"
6,4,0.0262,SMOTE+AFW-CIL_fixed,fixed_sigma_1.2,0.7778,0.375,0.5401,0.375,0.6721,0.5764,"[[35, 10], [10, 6]]"
6,4,0.0343,SMOTE+PSO-AFW-CIL,"K=7,s1=0.346,s2=0.039,s3=0.323,s4=0.116",0.5333,0.625,0.5774,0.4255,0.5574,0.5792,"[[24, 21], [6, 10]]"
6,5,0.0166,W-SVM,baseline,0.8222,0.375,0.5553,0.4,0.7049,0.5986,"[[37, 8], [10, 6]]"
6,5,0.0288,SMOTE+W-SVM,borderline_smote,0.7556,0.5625,0.6519,0.5,0.7049,0.659,"[[34, 11], [7, 9]]"
6,5,0.0141,AFW-CIL_fixed,fixed_sigma_1.2,0.7778,0.5,0.6236,0.4706,0.7049,0.6389,"[[35, 10], [8, 8]]"
6,5,0.0124,PSO-AFW-CIL,"K=7,s1=0.295,s2=0.148,s3=0.170,s4=0.805",0.5556,0.8125,0.6719,0.5306,0.623,0.684,"[[25, 20], [3, 13]]"
6,5,0.0346,SMOTE+AFW-CIL_fixed,fixed_sigma_1.2,0.4667,0.625,0.5401,0.4,0.5082,0.5458,"[[21, 24], [6, 10]]"
6,5,0.0374,SMOTE+PSO-AFW-CIL,"K=7,s1=0.063,s2=0.128,s3=0.233,s4=0.403",0.3778,0.8125,0.554,0.4561,0.4918,0.5951,"[[17, 28], [3, 13]]"
7,1,0.0182,W-SVM,baseline,0.9111,0.3529,0.5671,0.4444,0.7581,0.632,"[[41, 4], [11, 6]]"
7,1,0.0269,SMOTE+W-SVM,borderline_smote,0.6889,0.4706,0.5694,0.4103,0.629,0.5797,"[[31, 14], [9, 8]]"
7,1,0.0113,AFW-CIL_fixed,fixed_sigma_1.2,0.8222,0.3529,0.5387,0.3871,0.6935,0.5876,"[[37, 8], [11, 6]]"
7,1,0.0151,PSO-AFW-CIL,"K=8,s1=0.484,s2=0.577,s3=0.393,s4=0.584",1.0,0.0,0.0,0.0,0.7258,0.5,"[[45, 0], [17, 0]]"
7,1,0.0247,SMOTE+AFW-CIL_fixed,fixed_sigma_1.2,0.6889,0.4706,0.5694,0.4103,0.629,0.5797,"[[31, 14], [9, 8]]"
7,1,0.0251,SMOTE+PSO-AFW-CIL,"K=3,s1=0.342,s2=0.978,s3=0.500,s4=0.990",0.7556,0.5882,0.6667,0.5263,0.7097,0.6719,"[[34, 11], [7, 10]]"
7,2,0.0217,W-SVM,baseline,0.8667,0.375,0.5701,0.4286,0.7377,0.6208,"[[39, 6], [10, 6]]"
7,2,0.03,SMOTE+W-SVM,borderline_smote,0.6889,0.5625,0.6225,0.4615,0.6557,0.6257,"[[31, 14], [7, 9]]"
7,2,0.0119,AFW-CIL_fixed,fixed_sigma_1.2,0.7778,0.5,0.6236,0.4706,0.7049,0.6389,"[[35, 10], [8, 8]]"
7,2,0.0376,PSO-AFW-CIL,"K=7,s1=0.500,s2=0.691,s3=0.338,s4=0.914",0.8222,0.5625,0.6801,0.5455,0.7541,0.6924,"[[37, 8], [7, 9]]"
7,2,0.0235,SMOTE+AFW-CIL_fixed,fixed_sigma_1.2,0.5556,0.625,0.5893,0.4348,0.5738,0.5903,"[[25, 20], [6, 10]]"
7,2,0.0305,SMOTE+PSO-AFW-CIL,"K=7,s1=0.143,s2=0.151,s3=0.268,s4=0.773",0.7111,0.6875,0.6992,0.55,0.7049,0.6993,"[[32, 13], [5, 11]]"
7,3,0.016,W-SVM,baseline,0.9111,0.375,0.5845,0.4615,0.7705,0.6431,"[[41, 4], [10, 6]]"
7,3,0.0266,SMOTE+W-SVM,borderline_smote,0.6889,0.625,0.6562,0.5,0.6721,0.6569,"[[31, 14], [6, 10]]"
7,3,0.0126,AFW-CIL_fixed,fixed_sigma_1.2,0.8889,0.4375,0.6236,0.5,0.7705,0.6632,"[[40, 5], [9, 7]]"
7,3,0.0158,PSO-AFW-CIL,"K=8,s1=0.294,s2=0.010,s3=0.318,s4=0.824",0.6444,0.75,0.6952,0.5455,0.6721,0.6972,"[[29, 16], [4, 12]]"
7,3,0.026,SMOTE+AFW-CIL_fixed,fixed_sigma_1.2,0.6444,0.625,0.6346,0.4762,0.6393,0.6347,"[[29, 16], [6, 10]]"
7,3,0.0329,SMOTE+PSO-AFW-CIL,"K=9,s1=0.243,s2=0.040,s3=0.462,s4=0.687",0.6667,0.5625,0.6124,0.45,0.6393,0.6146,"[[30, 15], [7, 9]]"
7,4,0.0137,W-SVM,baseline,1.0,0.0,0.0,0.0,0.7377,0.5,"[[45, 0], [16, 0]]"
7,4,0.0218,SMOTE+W-SVM,borderline_smote,0.7333,0.5625,0.6423,0.4865,0.6885,0.6479,"[[33, 12], [7, 9]]"
7,4,0.0133,AFW-CIL_fixed,fixed_sigma_1.2,0.9111,0.375,0.5845,0.4615,0.7705,0.6431,"[[41, 4], [10, 6]]"
7,4,0.0191,PSO-AFW-CIL,"K=7,s1=0.169,s2=0.625,s3=0.062,s4=0.936",0.9111,0.375,0.5845,0.4615,0.7705,0.6431,"[[41, 4], [10, 6]]"
7,4,0.0306,SMOTE+AFW-CIL_fixed,fixed_sigma_1.2,0.6889,0.5,0.5869,0.4211,0.6393,0.5944,"[[31, 14], [8, 8]]"
7,4,0.0324,SMOTE+PSO-AFW-CIL,"K=7,s1=0.165,s2=0.010,s3=0.213,s4=0.712",0.6,0.625,0.6124,0.4545,0.6066,0.6125,"[[27, 18], [6, 10]]"
7,5,0.0206,W-SVM,baseline,0.8667,0.375,0.5701,0.4286,0.7377,0.6208,"[[39, 6], [10, 6]]"
7,5,0.0222,SMOTE+W-SVM,borderline_smote,0.7556,0.5,0.6146,0.4571,0.6885,0.6278,"[[34, 11], [8, 8]]"
7,5,0.0141,AFW-CIL_fixed,fixed_sigma_1.2,0.8667,0.4375,0.6158,0.4828,0.7541,0.6521,"[[39, 6], [9, 7]]"
7,5,0.0168,PSO-AFW-CIL,"K=6,s1=0.309,s2=0.010,s3=0.339,s4=0.771",0.7111,0.6875,0.6992,0.55,0.7049,0.6993,"[[32, 13], [5, 11]]"
7,5,0.0242,SMOTE+AFW-CIL_fixed,fixed_sigma_1.2,0.6667,0.5,0.5774,0.4103,0.623,0.5833,"[[30, 15], [8, 8]]"
7,5,0.0418,SMOTE+PSO-AFW-CIL,"K=3,s1=0.434,s2=0.407,s3=0.268,s4=0.049",0.7556,0.5625,0.6519,0.5,0.7049,0.659,"[[34, 11], [7, 9]]"
8,1,0.0144,W-SVM,baseline,1.0,0.0,0.0,0.0,0.7258,0.5,"[[45, 0], [17, 0]]"
8,1,0.0258,SMOTE+W-SVM,borderline_smote,0.7556,0.6471,0.6992,0.5641,0.7258,0.7013,"[[34, 11], [6, 11]]"
8,1,0.0135,AFW-CIL_fixed,fixed_sigma_1.2,0.8222,0.5294,0.6598,0.5294,0.7419,0.6758,"[[37, 8], [8, 9]]"
8,1,0.0134,PSO-AFW-CIL,"K=4,s1=0.046,s2=0.036,s3=0.203,s4=0.236",0.6889,0.7647,0.7258,0.5909,0.7097,0.7268,"[[31, 14], [4, 13]]"
8,1,0.0342,SMOTE+AFW-CIL_fixed,fixed_sigma_1.2,0.6667,0.6471,0.6568,0.5116,0.6613,0.6569,"[[30, 15], [6, 11]]"
8,1,0.0332,SMOTE+PSO-AFW-CIL,"K=8,s1=0.177,s2=0.460,s3=0.154,s4=0.990",0.7333,0.7059,0.7195,0.5854,0.7258,0.7196,"[[33, 12], [5, 12]]"
8,2,0.0168,W-SVM,baseline,0.9111,0.3125,0.5336,0.4,0.7541,0.6118,"[[41, 4], [11, 5]]"
8,2,0.0217,SMOTE+W-SVM,borderline_smote,0.8889,0.4375,0.6236,0.5,0.7705,0.6632,"[[40, 5], [9, 7]]"
8,2,0.0124,AFW-CIL_fixed,fixed_sigma_1.2,0.9111,0.375,0.5845,0.4615,0.7705,0.6431,"[[41, 4], [10, 6]]"
8,2,0.0153,PSO-AFW-CIL,"K=7,s1=0.249,s2=0.291,s3=0.250,s4=0.446",0.8667,0.4375,0.6158,0.4828,0.7541,0.6521,"[[39, 6], [9, 7]]"
8,2,0.0266,SMOTE+AFW-CIL_fixed,fixed_sigma_1.2,0.8889,0.4375,0.6236,0.5,0.7705,0.6632,"[[40, 5], [9, 7]]"
8,2,0.0262,SMOTE+PSO-AFW-CIL,"K=8,s1=0.477,s2=0.959,s3=0.231,s4=0.314",0.8889,0.4375,0.6236,0.5,0.7705,0.6632,"[[40, 5], [9, 7]]"
8,3,0.0205,W-SVM,baseline,0.9333,0.375,0.5916,0.48,0.7869,0.6542,"[[42, 3], [10, 6]]"
8,3,0.034,SMOTE+W-SVM,borderline_smote,0.8,0.6875,0.7416,0.6111,0.7705,0.7438,"[[36, 9], [5, 11]]"
8,3,0.0148,AFW-CIL_fixed,fixed_sigma_1.2,0.8889,0.5,0.6667,0.5517,0.7869,0.6944,"[[40, 5], [8, 8]]"
8,3,0.0137,PSO-AFW-CIL,"K=5,s1=0.302,s2=0.530,s3=0.099,s4=0.890",0.8444,0.6875,0.7619,0.6471,0.8033,0.766,"[[38, 7], [5, 11]]"
8,3,0.0331,SMOTE+AFW-CIL_fixed,fixed_sigma_1.2,0.6889,0.5625,0.6225,0.4615,0.6557,0.6257,"[[31, 14], [7, 9]]"
8,3,0.0532,SMOTE+PSO-AFW-CIL,"K=6,s1=0.227,s2=0.049,s3=0.223,s4=0.282",0.4889,0.9375,0.677,0.5556,0.6066,0.7132,"[[22, 23], [1, 15]]"
8,4,0.0165,W-SVM,baseline,0.8,0.1875,0.3873,0.2143,0.6393,0.4938,"[[36, 9], [13, 3]]"
8,4,0.0272,SMOTE+W-SVM,borderline_smote,0.6,0.5,0.5477,0.381,0.5738,0.55,"[[27, 18], [8, 8]]"
8,4,0.0138,AFW-CIL_fixed,fixed_sigma_1.2,0.7778,0.25,0.441,0.2667,0.6393,0.5139,"[[35, 10], [12, 4]]"
8,4,0.0237,PSO-AFW-CIL,"K=3,s1=0.348,s2=0.023,s3=0.120,s4=0.490",0.6889,0.5,0.5869,0.4211,0.6393,0.5944,"[[31, 14], [8, 8]]"
8,4,0.0243,SMOTE+AFW-CIL_fixed,fixed_sigma_1.2,0.5556,0.5,0.527,0.3636,0.541,0.5278,"[[25, 20], [8, 8]]"
8,4,0.0315,SMOTE+PSO-AFW-CIL,"K=10,s1=0.233,s2=0.147,s3=0.343,s4=0.276",0.5556,0.625,0.5893,0.4348,0.5738,0.5903,"[[25, 20], [6, 10]]"
8,5,0.0177,W-SVM,baseline,0.9333,0.375,0.5916,0.48,0.7869,0.6542,"[[42, 3], [10, 6]]"
8,5,0.0296,SMOTE+W-SVM,borderline_smote,0.6667,0.5,0.5774,0.4103,0.623,0.5833,"[[30, 15], [8, 8]]"
8,5,0.0145,AFW-CIL_fixed,fixed_sigma_1.2,0.8889,0.3125,0.527,0.3846,0.7377,0.6007,"[[40, 5], [11, 5]]"
8,5,0.0143,PSO-AFW-CIL,"K=8,s1=0.123,s2=0.032,s3=0.201,s4=0.338",0.7111,0.6875,0.6992,0.55,0.7049,0.6993,"[[32, 13], [5, 11]]"
8,5,0.023,SMOTE+AFW-CIL_fixed,fixed_sigma_1.2,0.6667,0.5,0.5774,0.4103,0.623,0.5833,"[[30, 15], [8, 8]]"
8,5,0.0263,SMOTE+PSO-AFW-CIL,"K=4,s1=0.500,s2=0.883,s3=0.137,s4=0.647",0.5778,0.5625,0.5701,0.4091,0.5738,0.5701,"[[26, 19], [7, 9]]"
9,1,0.0152,W-SVM,baseline,1.0,0.0,0.0,0.0,0.7258,0.5,"[[45, 0], [17, 0]]"
9,1,0.0303,SMOTE+W-SVM,borderline_smote,0.5778,0.6471,0.6114,0.4681,0.5968,0.6124,"[[26, 19], [6, 11]]"
9,1,0.0155,AFW-CIL_fixed,fixed_sigma_1.2,0.8667,0.4706,0.6386,0.5161,0.7581,0.6686,"[[39, 6], [9, 8]]"
9,1,0.0135,PSO-AFW-CIL,"K=8,s1=0.012,s2=0.971,s3=0.146,s4=0.488",0.8222,0.5294,0.6598,0.5294,0.7419,0.6758,"[[37, 8], [8, 9]]"
9,1,0.0338,SMOTE+AFW-CIL_fixed,fixed_sigma_1.2,0.6,0.5882,0.5941,0.4444,0.5968,0.5941,"[[27, 18], [7, 10]]"
9,1,0.0302,SMOTE+PSO-AFW-CIL,"K=7,s1=0.418,s2=0.378,s3=0.137,s4=0.493",0.6,0.5294,0.5636,0.4091,0.5806,0.5647,"[[27, 18], [8, 9]]"
9,2,0.0181,W-SVM,baseline,0.8889,0.25,0.4714,0.32,0.7213,0.5694,"[[40, 5], [12, 4]]"
9,2,0.0276,SMOTE+W-SVM,borderline_smote,0.6889,0.4375,0.549,0.3784,0.623,0.5632,"[[31, 14], [9, 7]]"
9,2,0.0127,AFW-CIL_fixed,fixed_sigma_1.2,0.8444,0.3125,0.5137,0.3571,0.7049,0.5785,"[[38, 7], [11, 5]]"
9,2,0.0185,PSO-AFW-CIL,"K=10,s1=0.355,s2=0.124,s3=0.366,s4=0.047",0.6667,0.5625,0.6124,0.45,0.6393,0.6146,"[[30, 15], [7, 9]]"
9,2,0.0334,SMOTE+AFW-CIL_fixed,fixed_sigma_1.2,0.7333,0.4375,0.5664,0.4,0.6557,0.5854,"[[33, 12], [9, 7]]"
9,2,0.0377,SMOTE+PSO-AFW-CIL,"K=8,s1=0.469,s2=0.686,s3=0.468,s4=0.255",0.7556,0.4375,0.5749,0.4118,0.6721,0.5965,"[[34, 11], [9, 7]]"
9,3,0.0181,W-SVM,baseline,0.8222,0.5,0.6412,0.5,0.7377,0.6611,"[[37, 8], [8, 8]]"
9,3,0.023,SMOTE+W-SVM,borderline_smote,0.7111,0.5,0.5963,0.4324,0.6557,0.6056,"[[32, 13], [8, 8]]"
9,3,0.0148,AFW-CIL_fixed,fixed_sigma_1.2,0.7778,0.5,0.6236,0.4706,0.7049,0.6389,"[[35, 10], [8, 8]]"
9,3,0.0156,PSO-AFW-CIL,"K=6,s1=0.224,s2=0.387,s3=0.360,s4=0.116",0.7333,0.5,0.6055,0.4444,0.6721,0.6167,"[[33, 12], [8, 8]]"
9,3,0.0354,SMOTE+AFW-CIL_fixed,fixed_sigma_1.2,0.7111,0.5,0.5963,0.4324,0.6557,0.6056,"[[32, 13], [8, 8]]"
9,3,0.0355,SMOTE+PSO-AFW-CIL,"K=6,s1=0.222,s2=0.963,s3=0.497,s4=0.652",0.7778,0.75,0.7638,0.6316,0.7705,0.7639,"[[35, 10], [4, 12]]"
9,4,0.0129,W-SVM,baseline,1.0,0.0,0.0,0.0,0.7377,0.5,"[[45, 0], [16, 0]]"
9,4,0.0259,SMOTE+W-SVM,borderline_smote,0.7111,0.5,0.5963,0.4324,0.6557,0.6056,"[[32, 13], [8, 8]]"
9,4,0.0134,AFW-CIL_fixed,fixed_sigma_1.2,0.9556,0.375,0.5986,0.5,0.8033,0.6653,"[[43, 2], [10, 6]]"
9,4,0.0156,PSO-AFW-CIL,"K=4,s1=0.471,s2=0.412,s3=0.236,s4=0.618",0.9111,0.5,0.6749,0.5714,0.8033,0.7056,"[[41, 4], [8, 8]]"
9,4,0.0329,SMOTE+AFW-CIL_fixed,fixed_sigma_1.2,0.7111,0.5,0.5963,0.4324,0.6557,0.6056,"[[32, 13], [8, 8]]"
9,4,0.0428,SMOTE+PSO-AFW-CIL,"K=6,s1=0.342,s2=0.207,s3=0.447,s4=0.886",0.7778,0.5625,0.6614,0.5143,0.7213,0.6701,"[[35, 10], [7, 9]]"
9,5,0.018,W-SVM,baseline,1.0,0.0,0.0,0.0,0.7377,0.5,"[[45, 0], [16, 0]]"
9,5,0.0212,SMOTE+W-SVM,borderline_smote,0.7333,0.625,0.677,0.5263,0.7049,0.6792,"[[33, 12], [6, 10]]"
9,5,0.0151,AFW-CIL_fixed,fixed_sigma_1.2,0.8889,0.375,0.5774,0.4444,0.7541,0.6319,"[[40, 5], [10, 6]]"
9,5,0.0235,PSO-AFW-CIL,"K=11,s1=0.500,s2=0.056,s3=0.181,s4=0.215",0.7333,0.75,0.7416,0.6,0.7377,0.7417,"[[33, 12], [4, 12]]"
9,5,0.0247,SMOTE+AFW-CIL_fixed,fixed_sigma_1.2,0.6667,0.5625,0.6124,0.45,0.6393,0.6146,"[[30, 15], [7, 9]]"
9,5,0.0219,SMOTE+PSO-AFW-CIL,"K=11,s1=0.166,s2=0.990,s3=0.500,s4=0.010",0.5333,0.625,0.5774,0.4255,0.5574,0.5792,"[[24, 21], [6, 10]]"
10,1,0.0159,W-SVM,baseline,0.8889,0.4118,0.605,0.4828,0.7581,0.6503,"[[40, 5], [10, 7]]"
10,1,0.0287,SMOTE+W-SVM,borderline_smote,0.7333,0.5882,0.6568,0.5128,0.6935,0.6608,"[[33, 12], [7, 10]]"
10,1,0.0161,AFW-CIL_fixed,fixed_sigma_1.2,0.8444,0.5294,0.6686,0.5455,0.7581,0.6869,"[[38, 7], [8, 9]]"
10,1,0.0157,PSO-AFW-CIL,"K=4,s1=0.031,s2=0.095,s3=0.010,s4=0.743",0.6222,0.8235,0.7158,0.5833,0.6774,0.7229,"[[28, 17], [3, 14]]"
10,1,0.0266,SMOTE+AFW-CIL_fixed,fixed_sigma_1.2,0.6,0.6471,0.6231,0.4783,0.6129,0.6235,"[[27, 18], [6, 11]]"
10,1,0.0329,SMOTE+PSO-AFW-CIL,"K=5,s1=0.112,s2=0.311,s3=0.092,s4=0.458",0.7333,0.8235,0.7771,0.6512,0.7581,0.7784,"[[33, 12], [3, 14]]"
10,2,0.0161,W-SVM,baseline,0.8222,0.375,0.5553,0.4,0.7049,0.5986,"[[37, 8], [10, 6]]"
10,2,0.0247,SMOTE+W-SVM,borderline_smote,0.6667,0.5,0.5774,0.4103,0.623,0.5833,"[[30, 15], [8, 8]]"
10,2,0.0161,AFW-CIL_fixed,fixed_sigma_1.2,0.8667,0.3125,0.5204,0.3704,0.7213,0.5896,"[[39, 6], [11, 5]]"
10,2,0.0194,PSO-AFW-CIL,"K=4,s1=0.252,s2=0.044,s3=0.500,s4=0.516",0.7556,0.625,0.6872,0.5405,0.7213,0.6903,"[[34, 11], [6, 10]]"
10,2,0.031,SMOTE+AFW-CIL_fixed,fixed_sigma_1.2,0.5333,0.4375,0.483,0.3182,0.5082,0.4854,"[[24, 21], [9, 7]]"
10,2,0.0235,SMOTE+PSO-AFW-CIL,"K=8,s1=0.091,s2=0.989,s3=0.052,s4=0.936",0.6,0.5,0.5477,0.381,0.5738,0.55,"[[27, 18], [8, 8]]"
10,3,0.0134,W-SVM,baseline,1.0,0.0,0.0,0.0,0.7377,0.5,"[[45, 0], [16, 0]]"
10,3,0.0231,SMOTE+W-SVM,borderline_smote,0.7556,0.6875,0.7207,0.5789,0.7377,0.7215,"[[34, 11], [5, 11]]"
10,3,0.0192,AFW-CIL_fixed,fixed_sigma_1.2,0.8444,0.5625,0.6892,0.5625,0.7705,0.7035,"[[38, 7], [7, 9]]"
10,3,0.0141,PSO-AFW-CIL,"K=5,s1=0.471,s2=0.216,s3=0.343,s4=0.799",0.8889,0.625,0.7454,0.6452,0.8197,0.7569,"[[40, 5], [6, 10]]"
10,3,0.0252,SMOTE+AFW-CIL_fixed,fixed_sigma_1.2,0.6444,0.6875,0.6656,0.5116,0.6557,0.666,"[[29, 16], [5, 11]]"
10,3,0.0334,SMOTE+PSO-AFW-CIL,"K=11,s1=0.154,s2=0.196,s3=0.086,s4=0.692",0.7778,0.625,0.6972,0.5556,0.7377,0.7014,"[[35, 10], [6, 10]]"
10,4,0.0164,W-SVM,baseline,0.9333,0.25,0.483,0.3478,0.7541,0.5917,"[[42, 3], [12, 4]]"
10,4,0.0199,SMOTE+W-SVM,borderline_smote,0.8222,0.375,0.5553,0.4,0.7049,0.5986,"[[37, 8], [10, 6]]"
10,4,0.0154,AFW-CIL_fixed,fixed_sigma_1.2,0.8889,0.3125,0.527,0.3846,0.7377,0.6007,"[[40, 5], [11, 5]]"
10,4,0.0138,PSO-AFW-CIL,"K=11,s1=0.166,s2=0.068,s3=0.225,s4=0.203",0.6,0.5,0.5477,0.381,0.5738,0.55,"[[27, 18], [8, 8]]"
10,4,0.0218,SMOTE+AFW-CIL_fixed,fixed_sigma_1.2,0.8222,0.375,0.5553,0.4,0.7049,0.5986,"[[37, 8], [10, 6]]"
10,4,0.0287,SMOTE+PSO-AFW-CIL,"K=9,s1=0.020,s2=0.365,s3=0.310,s4=0.464",0.7111,0.4375,0.5578,0.3889,0.6393,0.5743,"[[32, 13], [9, 7]]"
10,5,0.0157,W-SVM,baseline,0.8889,0.3125,0.527,0.3846,0.7377,0.6007,"[[40, 5], [11, 5]]"
10,5,0.0242,SMOTE+W-SVM,borderline_smote,0.4667,0.625,0.5401,0.4,0.5082,0.5458,"[[21, 24], [6, 10]]"
10,5,0.0167,AFW-CIL_fixed,fixed_sigma_1.2,0.8667,0.3125,0.5204,0.3704,0.7213,0.5896,"[[39, 6], [11, 5]]"
10,5,0.0142,PSO-AFW-CIL,"K=4,s1=0.010,s2=0.010,s3=0.214,s4=0.561",0.6667,0.75,0.7071,0.5581,0.6885,0.7083,"[[30, 15], [4, 12]]"
10,5,0.0249,SMOTE+AFW-CIL_fixed,fixed_sigma_1.2,0.5111,0.625,0.5652,0.4167,0.541,0.5681,"[[23, 22], [6, 10]]"
10,5,0.0262,SMOTE+PSO-AFW-CIL,"K=9,s1=0.062,s2=0.922,s3=0.235,s4=0.420",0.4667,0.5625,0.5123,0.3673,0.4918,0.5146,"[[21, 24], [7, 9]]"
